,Z,Var_tot_a,Var_A1_a,Var_A2_a,Var_A3_a,Var_A4_a,Var_tot_b,Var_A1_b,Var_A2_b,Var_A3_b,Var_A4_b,Var_tot_c,Var_A1_c,Var_A2_c,Var_A3_c,Var_A4_c,Var_tot_d,Var_A1_d,Var_A2_d,Var_A4_d,Var_A4_d,Std_tot_a,Std_A1_a,Std_A2_a,Std_A3_a,Std_A4_a,Std_tot_b,Std_A1_b,Std_A2_b,Std_A3_b,Std_A4_b,Std_tot_c,Std_A1_c,Std_A2_c,Std_A3_c,Std_A4_c,Std_tot_d,Std_A1_d,Std_A2_d,Std_A4_d,Std_A4_d
0,-5.0,5.6282715899858965e-11,4.8840888975232444e-14,7.97833903607407e-14,,4.6457360160999613e-14,3.7160359401171525e-11,6.073136738754316e-14,1.0021083957483498e-13,,5.485776531658873e-14,2.1637587894048987e-11,1.5983228254567732e-13,2.0095030185671572e-13,,1.5223239435981494e-13,1.457305489203212e-11,3.2277048292736574e-13,3.806065865042617e-13,3.306925598620715e-13,3.306925598620715e-13,8.496718638616397e-07,1.7245851143571967e-07,2.6989764769236885e-07,,1.9854246434072442e-07,1.4302996111855136e-06,2.438969972723914e-07,3.1322142882892575e-07,,2.3355397908503166e-07,1.4067129106025e-06,3.954702761705928e-07,4.480456038336083e-07,,3.898671119355103e-07,1.3544819271577115e-06,5.666394171464887e-07,6.16347959271175e-07,5.73804826641446e-07,5.73804826641446e-07
1,-7.0,7.410108735239306e-11,6.858127315497085e-14,1.237365389669123e-13,,5.981751653314043e-14,5.222610319992961e-11,9.37185088380816e-14,1.8762823999401177e-13,,8.057479678835644e-14,3.4698595473465714e-11,3.287423111806034e-13,4.564399801681345e-13,,3.121278944476266e-13,2.635199475502744e-11,8.298479537674622e-13,1.0177148950396821e-12,8.423304385272989e-13,8.423304385272989e-13,1.0190015379307815e-06,2.0311021800634485e-07,3.2792641236805906e-07,,2.2304709974942885e-07,1.7442190585106354e-06,3.009037186274621e-07,4.264097201270751e-07,,2.822844289140707e-07,1.8710796208868074e-06,5.665677357619167e-07,6.751691530943412e-07,,5.582088428893472e-07,1.9514590140392194e-06,9.083455932722048e-07,1.0077545032097115e-06,9.153957149663857e-07,9.153957149663857e-07
2,-9.0,6.715708131611643e-11,7.579475640843642e-14,1.5347355613455455e-13,,5.834190945707817e-14,4.825347123743228e-11,1.0108018626870121e-13,2.4658843944621433e-13,,7.966153085902149e-14,3.30872990522838e-11,3.4915602946922083e-13,5.531189916618558e-13,,3.29823840778219e-13,2.637453166004442e-11,9.500631399701763e-13,1.2361011358331137e-12,9.521890894082743e-13,9.521890894082743e-13,9.90101642237329e-07,2.1737506734762484e-07,3.594959592724482e-07,,2.2014434249318968e-07,1.7147080785597149e-06,3.1165041870252356e-07,4.869529720227232e-07,,2.8038610142021106e-07,1.8730363838462476e-06,5.83696954070684e-07,7.429244347707206e-07,,5.738318942183918e-07,2.0142686031633605e-06,9.717516562223984e-07,1.1105547688800258e-06,9.730858945890552e-07,9.730858945890552e-07
3,-11.1,4.81071677834342e-11,6.934655614310195e-14,1.5539580087357656e-13,,4.5833618263651007e-14,3.5051612675796496e-11,8.960911250690309e-14,2.5619907906835873e-13,,6.335406444710069e-14,2.4355923158803962e-11,2.817294895447805e-13,5.097799901334162e-13,,2.6355977347796754e-13,1.9702640750521106e-11,7.621290770479434e-13,1.0635355635582088e-12,7.520602638586485e-13,7.520602638586485e-13,8.696207822904616e-07,2.1254330590041087e-07,3.5735911628965106e-07,,1.9506362185292163e-07,1.509524780123841e-06,2.9273378414510444e-07,4.946636642872814e-07,,2.4983494550688124e-07,1.6462076294580498e-06,5.243563140772074e-07,7.12756420146055e-07,,5.129607827722407e-07,1.7794760967012926e-06,8.703105596374602e-07,1.0300461292933932e-06,8.64766707300578e-07,8.64766707300578e-07
4,-13.399999999999999,5.2998482641064536e-11,9.840537161479365e-14,2.392841583340459e-13,,5.504361586747069e-14,3.909776610603437e-11,1.2380381652453538e-13,3.9879519299227427e-13,,7.770886293121374e-14,2.7408778856059867e-11,3.482276803920215e-13,7.117576069325747e-13,,3.208010222216182e-13,2.2249824135827195e-11,9.078503598490894e-13,1.3640411738884867e-12,8.798140816587104e-13,8.798140816587104e-13,9.49329339106595e-07,2.5868489463732406e-07,4.3932339113622313e-07,,2.1370326548602255e-07,1.647288604470335e-06,3.4331650403592e-07,6.153866136626538e-07,,2.7646094463541914e-07,1.7866987718847772e-06,5.830689410049695e-07,8.415196779142595e-07,,5.659049878954885e-07,1.9254549294313637e-06,9.498884559520545e-07,1.1663942138882649e-06,9.353516319131323e-07,9.353516319131323e-07
5,-15.899999999999999,5.3423550715153625e-11,1.3057823616498409e-13,3.4009363455554554e-13,,6.045623853864199e-14,3.993648787117031e-11,1.605640773042408e-13,5.684352851335089e-13,,8.825135673393912e-14,2.8218961241955672e-11,3.9918441360830226e-13,9.176851935020869e-13,,3.5947303470429035e-13,2.2907633929734758e-11,9.858297522732205e-13,1.6066784001475258e-12,9.340990271349433e-13,9.340990271349433e-13,9.94726245178026e-07,3.042483133469844e-07,5.197286131683616e-07,,2.2389456187187659e-07,1.7219606140558483e-06,3.901399905673118e-07,7.328276527977523e-07,,2.9434747483987815e-07,1.8550626781802073e-06,6.243983544386736e-07,9.54589560113305e-07,,5.989817595339308e-07,1.9876107128821333e-06,9.898761882371591e-07,1.265663299670165e-06,9.638036507645263e-07,9.638036507645263e-07
6,-18.599999999999998,5.283713005221694e-11,1.7262359951642896e-13,4.749622591160181e-13,,6.517694059755638e-14,4.0018209419317784e-11,2.0844048105671337e-13,7.921569789767163e-13,,9.975886462541465e-14,2.8449705143147318e-11,4.565930161026267e-13,1.1697737403119101e-12,,3.9887954701007637e-13,2.3050860098356088e-11,1.0543829158876876e-12,1.873179177258723e-12,9.719481965975914e-13,9.719481965975914e-13,1.0366729893798216e-06,3.564188430046958e-07,6.104335368214178e-07,,2.3239600451305124e-07,1.7849465947857286e-06,4.436601023270561e-07,8.632060389495852e-07,,3.1265143539070067e-07,1.907976616716499e-06,6.67906840331538e-07,1.0765538907890877e-06,,6.308438564320524e-07,2.0299121661386213e-06,1.0237563812631777e-06,1.3662528775305963e-06,9.83159681610384e-07,9.83159681610384e-07
7,-21.499999999999996,4.677078976526361e-11,2.0640643334059637e-13,5.924917248479329e-13,,6.304235204802734e-14,3.5844756375862316e-11,2.4586909434324816e-13,9.832657959863901e-13,,1.0268814719391597e-13,2.562770462782838e-11,4.765815680391359e-13,1.3436080671437708e-12,,4.0106596829813893e-13,2.0712720608529656e-11,1.017707905096888e-12,1.9759993662677363e-12,9.07766268348257e-13,9.07766268348257e-13,1.0266563865775757e-06,3.9603091536668534e-07,6.785453015465122e-07,,2.2848191675404242e-07,1.7546516957330218e-06,4.810598587280211e-07,9.599473091566597e-07,,3.169057737999261e-07,1.8593674671754345e-06,6.824518822724792e-07,1.1523987650732152e-06,,6.323926851335416e-07,1.9624692330779727e-06,1.0058351831553268e-06,1.4027679907448197e-06,9.501504327139992e-07,9.501504327139992e-07
8,-24.599999999999998,4.893935709145029e-11,2.93931574222058e-13,8.711994422857176e-13,,7.243708332985861e-14,3.792753073448654e-11,3.4676697649646047e-13,1.4365978791346834e-12,,1.2745185313544516e-13,2.7255780114605365e-11,6.006391685237072e-13,1.8365351100250055e-12,,4.841486737318103e-13,2.1959824625032918e-11,1.1757085692137157e-12,2.4951461454024337e-12,1.0090741208938698e-12,1.0090741208938698e-12,1.111483170517805e-06,4.789428887679147e-07,8.198165672438569e-07,,2.4483163197265083e-07,1.8815395315478487e-06,5.705414566795714e-07,1.1585678216905737e-06,,3.527303537176611e-07,1.9756358692195875e-06,7.66178007758442e-07,1.3456632548295603e-06,,6.945380338576093e-07,2.0669701914800354e-06,1.0811352022976344e-06,1.5756341921837688e-06,1.0017424092892798e-06,1.0017424092892798e-06
9,-27.95,5.997046215730692e-11,4.903643941376841e-13,1.4886344833383021e-12,,9.765711781826202e-14,4.707314149848823e-11,5.747414468576011e-13,2.437875472315935e-12,,1.8822825560937727e-13,3.3965139406486575e-11,9.012606153745448e-13,2.9443473189934697e-12,,6.931613043306927e-13,2.7253416516189e-11,1.6079636383632058e-12,3.720857528996799e-12,1.3207251216535142e-12,1.3207251216535142e-12,1.3080169751252055e-06,6.254150038487005e-07,1.0687091578049957e-06,,2.841779627669197e-07,2.1890880443567544e-06,7.337572247393586e-07,1.5073682786242411e-06,,4.2828913197299877e-07,2.2769330527777217e-06,9.384967510105581e-07,1.7017992165000273e-06,,8.306080945644198e-07,2.3596504200939196e-06,1.2643744465912828e-06,1.9231413202190946e-06,1.1459562053900694e-06,1.1459562053900694e-06
10,-31.599999999999998,5.367050107213566e-11,5.980338096202028e-13,1.8480953403639302e-12,,9.666803601983795e-14,4.272657487836276e-11,6.979875492879976e-13,3.0057282202588804e-12,,2.0666321345704636e-13,3.0947676692185166e-11,1.00508395448245e-12,3.4587842273361e-12,,7.363111013100247e-13,2.4722214789367267e-11,1.6310549352438562e-12,4.095277178140533e-12,1.2759918490996375e-12,1.2759918490996375e-12,1.3236188801471955e-06,6.968426097399377e-07,1.1883198267686488e-06,,2.8264031545786353e-07,2.1865167366170066e-06,8.079762916948784e-07,1.6720372026914187e-06,,4.484183012926917e-07,2.2518618079486786e-06,9.909750332090866e-07,1.8423519965679505e-06,,8.555108090633766e-07,2.3100859212244648e-06,1.2734033023176692e-06,2.01644812319533e-06,1.1262134465819565e-06,1.1262134465819565e-06
11,-35.599999999999994,4.7403987658626136e-11,7.174540364788606e-13,2.2473495006469605e-12,,9.419318914399438e-14,3.818150183395711e-11,8.351693552705712e-13,3.6301507205802313e-12,,2.2643576456875998e-13,2.7616070351430033e-11,1.1177382328655096e-12,4.004582142610965e-12,,7.792325206447179e-13,2.1913018691913815e-11,1.6480989319427878e-12,4.467714364579194e-12,1.2218685426020212e-12,1.2218685426020212e-12,1.332131225916436e-06,7.68927357859107e-07,1.308348545230984e-06,,2.789065829528619e-07,2.167607853593699e-06,8.832968667839486e-07,1.835958714666621e-06,,4.6903948777284966e-07,2.209431122536113e-06,1.0448655902763143e-06,1.9801711875227713e-06,,8.793895589824188e-07,2.2421706680976055e-06,1.279961232197501e-06,2.104834761437572e-06,1.1017827081635016e-06,1.1017827081635016e-06
12,-39.949999999999996,4.548386798144281e-11,9.366908120702261e-13,2.964093874516167e-12,,1.0023393104800184e-13,3.7045565869213326e-11,1.0887682173583383e-12,4.756410137049263e-12,,2.7402575693453585e-13,2.6738509305715826e-11,1.3707284144523422e-12,5.058282105623247e-12,,9.105826547453587e-13,2.1062013499835367e-11,1.8418805765188233e-12,5.3499888940788e-12,1.2901849219755555e-12,1.2901849219755555e-12,1.4043078164859718e-06,8.839791838794232e-07,1.5008010429985505e-06,,2.876205600808389e-07,2.246694238295138e-06,1.0081039350654792e-06,2.100073649910041e-06,,5.156462785498699e-07,2.266558898797052e-06,1.1568541381691444e-06,2.223132650720422e-06,,9.497403342539288e-07,2.2746730185829723e-06,1.3529503705982979e-06,2.3017903118441948e-06,1.1317041834645435e-06,1.1317041834645435e-06
13,-44.599999999999994,4.978774836794437e-11,1.3941475856423768e-12,4.446015677804599e-12,,1.217039960843751e-13,4.08722657164807e-11,1.6193722844043164e-12,7.088878609221979e-12,,3.8288616849590526e-13,2.93809212987131e-11,1.9372079239437493e-12,7.298539468224017e-12,,1.2288234811339566e-12,2.295610053934714e-11,2.3825893396443133e-12,7.355328346147808e-12,1.5741575534402464e-12,1.5741575534402464e-12,1.5847833486723671e-06,1.084005891158116e-06,1.8364555676586473e-06,,3.1683892767263945e-07,2.4888147407281365e-06,1.2290971602175525e-06,2.562292775825359e-06,,6.091752338350043e-07,2.484821470561346e-06,1.374973853124441e-06,2.6677446334579648e-06,,1.1021337997094959e-06,2.465470810421419e-06,1.5384644728286803e-06,2.697059506991148e-06,1.2493126621348113e-06,1.2493126621348113e-06
14,-49.49999999999999,4.899652588980757e-11,1.8532002214859905e-12,5.943825442121044e-12,,1.3301811581423672e-13,4.051170329106357e-11,2.152216755421096e-12,9.420361008677538e-12,,4.841960506103067e-13,2.8973180014390337e-11,2.4713824045256195e-12,9.432429127315001e-12,,1.5039937533593251e-12,2.2446276601825416e-11,2.8081681269326734e-12,9.113386835712796e-12,1.7552604951298344e-12,1.7552604951298344e-12,1.6986756605756454e-06,1.2550644352897066e-06,2.1220627628140747e-06,,3.3115793700204436e-07,2.617241369250699e-06,1.4167055386940676e-06,2.952366131813062e-06,,6.847138789095431e-07,2.586634245791616e-06,1.55267870167354e-06,3.02997265966796e-06,,1.2179590090246344e-06,2.5377676151622166e-06,1.6697575210545045e-06,3.000077671218748e-06,1.318181182313816e-06,1.318181182313816e-06
15,-54.49999999999999,4.8613345465675504e-11,2.451042332190268e-12,7.894565197955568e-12,,1.4595883783457146e-13,4.037566031381957e-11,2.846762917279229e-12,1.244155051829162e-11,,6.163331293204229e-13,2.8702590729291368e-11,3.1638172176611164e-12,1.2160901527621924e-11,,1.8576132885104917e-12,2.2049768974094128e-11,3.3562531082502022e-12,1.1326887079308593e-11,1.997178716286244e-12,1.997178716286244e-12,1.8263108520386672e-06,1.4483786531435542e-06,2.4446133707131063e-06,,3.4682875455040537e-07,2.7591593075354943e-06,1.6291959113778698e-06,3.391697957257234e-06,,7.72209159225325e-07,2.701154052744041e-06,1.7564312007303117e-06,3.4375574124390697e-06,,1.352080464619058e-06,2.6214807304751063e-06,1.8248255540748117e-06,3.3424437530222877e-06,1.4047453011699036e-06,1.4047453011699036e-06
16,-59.49999999999999,5.215758996333668e-11,3.4258790159384615e-12,1.1068653834987839e-11,,1.7149251691986378e-13,4.351437320948281e-11,3.979472666297023e-12,1.735143065466194e-11,,8.377931157796787e-13,3.079516341869428e-11,4.3098448861189046e-12,1.661356785201732e-11,,2.457749705203833e-12,2.3472435819955168e-11,4.3177694216550215e-12,1.4997456353220318e-11,2.4698138035403368e-12,2.4698138035403368e-12,2.031948227242694e-06,1.717169372669073e-06,2.893955331664569e-06,,3.7590303638971803e-07,3.011465146522817e-06,1.9261971378523214e-06,4.004403389752583e-06,,9.000370063978679e-07,2.924022331491249e-06,2.0496722274272474e-06,4.014983855139562e-06,,1.5535677289933484e-06,2.80929919808442e-06,2.0690096051466553e-06,3.8437978566577865e-06,1.5605131774246284e-06,1.5605131774246284e-06
17,-64.5,5.3607995779606776e-11,4.4179340870815454e-12,1.4306132078675276e-11,,1.893802972577507e-13,4.4777627433596134e-11,5.1318452143780646e-12,2.2316582725278073e-11,,1.0603601701909495e-12,3.1457745773288204e-11,5.446487732676045e-12,2.1000109098667348e-11,,3.038412186388981e-12,2.3776875191111137e-11,5.213294540825248e-12,1.8469529344354706e-11,2.9000796894464987e-12,2.9000796894464987e-12,2.1867241428337323e-06,1.954374880484295e-06,3.289794131886901e-06,,3.950119568689792e-07,3.18423168154748e-06,2.187442749159916e-06,4.5406646966508485e-06,,1.0123173614126118e-06,3.069846039402244e-06,2.3038689306355545e-06,4.511272699227735e-06,,1.7257121067724118e-06,2.923261492961208e-06,2.272645395460206e-06,4.2634479731681775e-06,1.6892646098209595e-06,1.6892646098209595e-06
18,-69.5,5.513856658293646e-11,5.544768554022583e-12,1.7986228962355943e-11,,2.0692613474843155e-13,4.612243904720637e-11,6.439196475602913e-12,2.792511197930568e-11,,1.3155721306564737e-12,3.222315090448702e-11,6.721173514334923e-12,2.5887257319403192e-11,,3.691600427972635e-12,2.418438023941601e-11,6.201634186001884e-12,2.2267679982638157e-11,3.3914759980097696e-12,3.3914759980097696e-12,2.3340240275833982e-06,2.1934621750976163e-06,3.6888893280306154e-06,,4.129281106004772e-07,3.345469870520917e-06,2.4504420228133706e-06,5.079025083749815e-06,,1.127379528785499e-06,3.2061413895073785e-06,2.5590851575205666e-06,5.006226635823797e-06,,1.900567831573681e-06,3.0295374002458535e-06,2.477898956952617e-06,4.679396336978534e-06,1.8250754112853008e-06,1.8250754112853008e-06
19,-74.5,5.3525702947550154e-11,6.381242520759892e-12,2.07292324471714e-11,,2.1045622408094134e-13,4.4756582463168546e-11,7.40626227476445e-12,3.203287657913435e-11,,1.5056947836631532e-12,3.1102832641417083e-11,7.619487525234744e-12,2.930357991529962e-11,,4.144544113605201e-12,2.3193597754039505e-11,6.822410770279439e-12,2.4722238817011657e-11,3.703540804739981e-12,3.703540804739981e-12,2.3959500662429955e-06,2.356663161156165e-06,3.9608247825225666e-06,,4.164886535181062e-07,3.387304544465519e-06,2.6282778051941143e-06,5.440004262926849e-06,,1.2059312956338905e-06,3.231338215027105e-06,2.7246041949937872e-06,5.324081479161091e-06,,2.0122881660340743e-06,3.032517733427302e-06,2.598190842821665e-06,4.928915074013531e-06,1.9056339822622266e-06,1.9056339822622266e-06
20,-79.75,5.237040549113893e-11,7.261889258938654e-12,2.3620092713338624e-11,,2.1456633650854159e-13,4.381141212798576e-11,8.420109009163214e-12,3.6325085357946156e-11,,1.712840065166236e-12,3.033781652129167e-11,8.548233086104542e-12,3.283136182294362e-11,,4.6293656349304745e-12,2.2495376902172383e-11,7.463796051992636e-12,2.722222147279749e-11,4.055863163022643e-12,4.055863163022643e-12,2.454055267121901e-06,2.5172485136880757e-06,4.229128663911183e-06,,4.2061696690407953e-07,3.428047013056843e-06,2.802766665499691e-06,5.793790471489488e-06,,1.2860783313769196e-06,3.2582821672262374e-06,2.885834136102227e-06,5.633505365783123e-06,,2.1253416015297728e-06,3.0393772932937686e-06,2.716881624789154e-06,5.170767646316902e-06,1.9928404377966487e-06,1.9928404377966487e-06
21,-85.25,5.1061560466975514e-11,8.089997851061006e-12,2.6345779390345986e-11,,2.168072627570023e-13,4.2771952229420204e-11,9.367368184113893e-12,4.031584855170247e-11,,1.9158713516460946e-12,2.9589891651674445e-11,9.389970870281506e-12,3.603262137731487e-11,,5.08683062510407e-12,2.183939153610991e-11,8.023859343270295e-12,2.940749888772458e-11,4.395206352567656e-12,4.395206352567656e-12,2.494945973629646e-06,2.659844055850315e-06,4.468123226096652e-06,,4.229131161916201e-07,3.450102714504081e-06,2.956686632740236e-06,6.105090625449201e-06,,1.3600570989825795e-06,3.2701919368060175e-06,3.024617087615452e-06,5.900117823013623e-06,,2.226605819186428e-06,3.0342263186260146e-06,2.8163434024180473e-06,5.373168027556105e-06,2.073356251790818e-06,2.073356251790818e-06
22,-90.75,4.987079991031708e-11,8.99860607932678e-12,2.934441268285243e-11,,2.193400803359356e-13,4.1834987133074396e-11,1.0399494088126375e-11,4.465140853727468e-11,,2.149423226092997e-12,2.891003336194013e-11,1.0283707220186735e-11,3.944998599301101e-11,,5.597945980071276e-12,2.1250843043489573e-11,8.608864478015858e-12,3.168445130366383e-11,4.786962082693341e-12,4.786962082693341e-12,2.531618770980674e-06,2.8082233877903536e-06,4.717906323310417e-06,,4.255166037086963e-07,3.469732348994549e-06,3.115943692675004e-06,6.427035770902537e-06,,1.4404720303691429e-06,3.2815290097633553e-06,3.165411341528806e-06,6.172057192345605e-06,,2.334510685039862e-06,3.029168348687946e-06,2.916562711329114e-06,5.57617981484901e-06,2.162709483590717e-06,2.162709483590717e-06
23,-96.25,4.843543404156853e-11,9.78751609220402e-12,3.1962173563434694e-11,,2.1950362663801703e-13,4.0689663615083875e-11,1.1285635956550934e-11,4.8352717247431504e-11,,2.3664255508560923e-12,2.812350178678911e-11,1.1011352335757194e-11,4.225858090610864e-11,,6.045964270836344e-12,2.0601423437262635e-11,9.054502384044533e-12,3.343930428509474e-11,5.135503832867058e-12,5.135503832867058e-12,2.549744672350152e-06,2.9314880229940433e-06,4.9267136814859536e-06,,4.258362815645629e-07,3.4675251474021692e-06,3.2467129731393337e-06,6.690700275154475e-06,,1.5113549770806116e-06,3.27446673047967e-06,3.2756807253036826e-06,6.38677614928922e-06,,2.4249731724854593e-06,3.0092915739938284e-06,2.9904792168666362e-06,5.727402169517895e-06,2.2391989236735785e-06,2.2391989236735785e-06
24,-101.75,4.6483785479254545e-11,1.041473621690405e-11,3.406195119275019e-11,,2.171080233713753e-13,3.9127704459357516e-11,1.1978216341720494e-11,5.122338084927143e-11,,2.556452867346651e-12,2.710255879854684e-11,1.153254068520348e-11,4.4308483118945267e-11,,6.4067538166459844e-12,1.980870786560209e-11,9.335313102019664e-12,3.4577285351318096e-11,5.419229675657469e-12,5.419229675657469e-12,2.5494221008417998e-06,3.0265020176425284e-06,5.089275788203466e-06,,4.236827393844681e-07,3.443416819001008e-06,3.3456725176420782e-06,6.889482055836703e-06,,1.5707948382368592e-06,3.247822708248463e-06,3.352554298904022e-06,6.538916364448368e-06,,2.495235602584422e-06,2.973216663437123e-06,3.03587545561495e-06,5.8228397546149954e-06,2.2995510456531303e-06,2.2995510456531303e-06
25,-107.5,4.504169248234205e-11,1.1050985493339548e-11,3.620210610492948e-11,,2.160642920118833e-13,3.79827712680599e-11,1.2674696542347778e-11,5.411321640884351e-11,,2.760740407250882e-12,2.6388132765375528e-11,1.2042858136353418e-11,4.635123361749171e-11,,6.785484391879538e-12,1.925144232817601e-11,9.614932329949661e-12,3.570147866362904e-11,5.725604037601036e-12,5.725604037601036e-12,2.5560229687678384e-06,3.1199472450352693e-06,5.250411155731516e-06,,4.2285187484591e-07,3.4313936074814206e-06,3.442471134163435e-06,7.084560521234816e-06,,1.632287713348302e-06,3.2338573348022267e-06,3.4262084291330023e-06,6.687260429677356e-06,,2.5669818283614792e-06,2.950176796924614e-06,3.0803576277725075e-06,5.915379954293044e-06,2.3631455488183227e-06,2.3631455488183227e-06
26,-113.75,4.498328164764705e-11,1.197273034713713e-11,3.9291370618401166e-11,,2.2128201862580893e-13,3.80344677375331e-11,1.3691537366577017e-11,5.837317051528228e-11,,3.0501246577339543e-12,2.6544781128928157e-11,1.2840003346381584e-11,4.9534536020925e-11,,7.350957614609636e-12,1.9343590127626126e-11,1.012856058666364e-11,3.768529046199e-11,6.1951800591380976e-12,6.1951800591380976e-12,2.59858041673184e-06,3.2497027167081734e-06,5.473905776621364e-06,,4.281276869475776e-07,3.4693618226096447e-06,3.578888333131642e-06,7.3618809236069865e-06,,1.7156465049299887e-06,3.26797956902076e-06,3.538087806683379e-06,6.9125971724957345e-06,,2.6709269082586838e-06,2.972392943353398e-06,3.1608657613066034e-06,6.075935810412719e-06,2.4577540502018323e-06,2.4577540502018323e-06
27,-120.5,4.4708410364959466e-11,1.2879338564503718e-11,4.2355339238228075e-11,,2.2562195464617762e-13,3.792898182591716e-11,1.4679448086667066e-11,6.250651356459812e-11,,3.357843371507865e-12,2.659910135985137e-11,1.3574928045982159e-11,5.252910519605451e-11,,7.919517919173791e-12,1.937159623019099e-11,1.0587701626969727e-11,3.9458720805445934e-11,6.6719956914928955e-12,6.6719956914928955e-12,2.6354276903289555e-06,3.372810297839362e-06,5.688101696539809e-06,,4.3253428718424143e-07,3.4994013276831123e-06,3.7069268973277646e-06,7.6224389832064886e-06,,1.8000475915003577e-06,3.295044053318669e-06,3.6382680513548837e-06,7.11815537400475e-06,,2.7714116214746205e-06,2.9886939051458613e-06,3.2308971825989925e-06,6.2153018031218435e-06,2.5502853438185822e-06,2.5502853438185822e-06
28,-127.75,4.164266321699222e-11,1.2948707660696058e-11,4.2688475984038544e-11,,2.1577788096709815e-13,3.547607326535414e-11,1.470444350777131e-11,6.254609033214588e-11,,3.467408084477756e-12,2.504159348980353e-11,1.3398344159804745e-11,5.203958061280015e-11,,7.98665406849913e-12,1.8257890245606962e-11,1.034277390072793e-11,3.858659250705761e-11,6.7312568068602086e-12,6.7312568068602086e-12,2.588187577648726e-06,3.38415398204204e-06,5.715751533978531e-06,,4.232405682140268e-07,3.418123219712374e-06,3.711395956342512e-06,7.629678147193237e-06,,1.8291105983152319e-06,3.218483514290486e-06,3.614866757085712e-06,7.084775566469e-06,,2.782278429414198e-06,2.9120986761225368e-06,3.1923962051101535e-06,6.1439481432177506e-06,2.561397347059961e-06,2.561397347059961e-06
29,-135.5,4.053134426775402e-11,1.3528078386404314e-11,4.472737301373031e-11,,2.1540611651455782e-13,3.4672845892190174e-11,1.5301192857113046e-11,6.503061901210924e-11,,3.734725240046749e-12,2.460919088207909e-11,1.3728506420972771e-11,5.3556358771935286e-11,,8.382567682686137e-12,1.7940055031816392e-11,1.0501710694858014e-11,3.91892516545168e-11,7.071900530232293e-12,7.071900530232293e-12,2.59538490825652e-06,3.4612717561231898e-06,5.856637503323723e-06,,4.2314381732214033e-07,3.409042229105729e-06,3.7874472247419146e-06,7.785086211831269e-06,,1.898228539752453e-06,3.2097379738873144e-06,3.6594707880939434e-06,7.187346696922321e-06,,2.84956417702113e-06,2.8972126610236687e-06,3.2158229389734287e-06,6.189109868971968e-06,2.6253280350282933e-06,2.6253280350282933e-06
30,-143.75,3.969556910697447e-11,1.4150502105844008e-11,4.694169690225827e-11,,2.1633726045328445e-13,3.4079129071761526e-11,1.593755185928121e-11,6.769735752989071e-11,,4.041737533816433e-12,2.430355111100024e-11,1.4074851269161684e-11,5.517725098469208e-11,,8.820697963507907e-12,1.7729877224320496e-11,1.0683825644283098e-11,3.983865602574708e-11,7.452794907563701e-12,7.452794907563701e-12,2.608558185607494e-06,3.5421569231165804e-06,6.006437824679061e-06,,4.243437446720076e-07,3.40781705605041e-06,3.867066592354975e-06,7.948905028150908e-06,,1.974612844472215e-06,3.2083993608262555e-06,3.705664069077801e-06,7.295533796617323e-06,,2.9222559384186587e-06,2.89010556948181e-06,3.24251313157243e-06,6.237213540434035e-06,2.6951369605386893e-06,2.6951369605386893e-06
31,-152.6,3.769530323481926e-11,1.4328244624887197e-11,4.771209297457123e-11,,2.113458041422867e-13,3.250449409511574e-11,1.6067202241032953e-11,6.822816222124733e-11,,4.2472240066204136e-12,2.3272623944948025e-11,1.3965392835819342e-11,5.503323525095775e-11,,8.994631108017092e-12,1.699370194141408e-11,1.0534239308377877e-11,3.920611361619363e-11,7.615375198511777e-12,7.615375198511777e-12,2.584999044166047e-06,3.5663152287239597e-06,6.062493026181921e-06,,4.197172106788116e-07,3.3584605965167103e-06,3.8845568171424044e-06,7.986063239906228e-06,,2.0240694065399793e-06,3.161290001505592e-06,3.691519841585423e-06,7.286347591659679e-06,,2.9501220788328076e-06,2.842331864544855e-06,3.2186655224583662e-06,6.184288182789612e-06,2.7245364237334048e-06,2.7245364237334048e-06
32,-162.2,3.444918888546125e-11,1.3927775532357114e-11,4.657666726593052e-11,,1.9920062359443766e-13,2.985459151673143e-11,1.554881792746768e-11,6.602436772980895e-11,,4.2967990316962155e-12,2.1462794043252618e-11,1.3303897380663877e-11,5.2703498288103685e-11,,8.812611853441954e-12,1.5695601520317102e-11,9.98545609608067e-12,3.704868157373995e-11,7.480373028468683e-12,7.480373028468683e-12,2.5112411936877594e-06,3.5178335907719753e-06,5.997053302985136e-06,,4.0777760731024733e-07,3.2469728386419874e-06,3.8232439472004295e-06,7.862138967684111e-06,,2.03570725855075e-06,3.05603848766396e-06,3.603300233116407e-06,7.1308280993375e-06,,2.9193498952135057e-06,2.7432482444263324e-06,3.132728959193086e-06,6.008433255421613e-06,2.7005673126344633e-06,2.7005673126344633e-06
33,-172.2,3.239990423894515e-11,1.3887482099306925e-11,4.666644262349888e-11,,1.9343381477251444e-13,2.8228351805902012e-11,1.5433869521771122e-11,6.554792879344223e-11,,4.474078436099301e-12,2.0382345210201652e-11,1.300071134614527e-11,5.177282393855636e-11,,8.86366303056588e-12,1.4934577574015875e-11,9.719510846432567e-12,3.5912238771653614e-11,7.547518525963873e-12,7.547518525963873e-12,2.472909279727549e-06,3.51416758430641e-06,6.010265143001947e-06,,4.021381515945726e-07,3.1826737344828328e-06,3.8110602485710963e-06,7.840011793570843e-06,,2.077101987367805e-06,2.995234241856281e-06,3.5622798220619605e-06,7.067919075386109e-06,,2.9270266654895373e-06,2.6848818775052002e-06,3.0898818328919655e-06,5.912084625858549e-06,2.7130967721254706e-06,2.7130967721254706e-06
34,-182.2,3.113215075041445e-11,1.4117584846510983e-11,4.76961451371305e-11,,1.9223764511104956e-13,2.727840430635718e-11,1.5619139333818088e-11,6.635586311654985e-11,,4.7637415705769834e-12,1.9784403646254865e-11,1.2956625252397148e-11,5.18561066196975e-11,,9.093215894382033e-12,1.4524808350617017e-11,9.657053377344367e-12,3.5502145487692484e-11,7.774052160268041e-12,7.774052160268041e-12,2.461104246406016e-06,3.5442324054770477e-06,6.083920463358034e-06,,4.0120983226381254e-07,3.153172521300439e-06,3.835940297642422e-06,7.894638132510476e-06,,2.1430650355937402e-06,2.967246863024611e-06,3.5565530944598265e-06,7.073784162848665e-06,,2.9639051769415337e-06,2.6559957886328484e-06,3.079284120674524e-06,5.874558992694723e-06,2.754123483062257e-06,2.754123483062257e-06
35,-192.2,3.033855446151022e-11,1.4481874025193843e-11,4.9194229745710436e-11,,1.9370504023081946e-13,2.6735808172143274e-11,1.5957822787335076e-11,6.781643078224727e-11,,5.1105411961044854e-12,1.947902364567614e-11,1.3058193537321005e-11,5.2482886657545794e-11,,9.40772135498464e-12,1.4323205545375819e-11,9.71182915718627e-12,3.5518969420370864e-11,8.080601857226928e-12,8.080601857226928e-12,2.465035385774381e-06,3.590252055738115e-06,6.186002046436954e-06,,4.0304014373817056e-07,3.1450267557362187e-06,3.879274804750223e-06,7.987073746810314e-06,,2.2194500858139616e-06,2.959651550494544e-06,3.57084032385461e-06,7.1163679246992616e-06,,3.0139825708262124e-06,2.6457864325915713e-06,3.0876351419948798e-06,5.872477801329133e-06,2.80864445599034e-06,2.80864445599034e-06
36,-202.2,2.8985835424990097e-11,1.4493422582616043e-11,4.9501799879432315e-11,,1.911449274427848e-13,2.5706691019645398e-11,1.5913867808404274e-11,6.764476867292443e-11,,5.3396945849182785e-12,1.8835082748340966e-11,1.2865475789376136e-11,5.188263636406365e-11,,9.488796755404914e-12,1.3879920337049256e-11,9.552749613825907e-12,3.476024267761382e-11,8.193583394675607e-12,8.193583394675607e-12,2.440789267875601e-06,3.59178383747954e-06,6.21206116411799e-06,,4.0065078847256834e-07,3.102818766356364e-06,3.875741321538533e-06,7.982435387560419e-06,,2.268383376628439e-06,2.920762101206513e-06,3.544843006456538e-06,7.075335183878309e-06,,3.026236771132684e-06,2.6085416004427033e-06,3.0621423341342466e-06,5.806379033714373e-06,2.8290645304053726e-06,2.8290645304053726e-06
37,-212.2,2.70568124507272e-11,1.4122603530627515e-11,4.849478333618631e-11,,1.8421220887715876e-13,2.4142300529504573e-11,1.5458524691726988e-11,6.57124937150182e-11,,5.42232309424647e-12,1.7780192021169856e-11,1.23634828559776e-11,4.9984393813161175e-11,,9.310912268554956e-12,1.3134364537186457e-11,9.166678945642587e-12,3.320031363989931e-11,8.087388359629498e-12,8.087388359629498e-12,2.38626165628884e-06,3.5451809353098492e-06,6.1547173754967e-06,,3.935783724559817e-07,3.0236525386395585e-06,3.821508501435795e-06,7.872425956244818e-06,,2.2855620787150454e-06,2.8471159084257555e-06,3.4755279631186912e-06,6.944346699217388e-06,,2.997070205041046e-06,2.5408023540355734e-06,2.999752928232198e-06,5.67207769314682e-06,2.8116026323657866e-06,2.8116026323657866e-06
38,-222.2,2.670536393983575e-11,1.4522455433445871e-11,5.0130395088777134e-11,,1.878188880539659e-13,2.3989025145251696e-11,1.5853347490641956e-11,6.737859364158482e-11,,5.800161527958057e-12,1.7774355277920175e-11,1.2557698727480164e-11,5.085665395193779e-11,,9.634003996365567e-12,1.3160548224809674e-11,9.29723760338777e-12,3.3532804359840895e-11,8.421910821195763e-12,8.421910821195763e-12,2.3976611201757656e-06,3.5942187451363816e-06,6.263420294007631e-06,,3.976579443999785e-07,3.0292135354121525e-06,3.871458938476188e-06,7.975861305793098e-06,,2.3635155078594965e-06,2.8538079515699408e-06,3.5033415586199178e-06,7.00425355884685e-06,,3.0479753897342e-06,2.54506522252756e-06,3.021348941992772e-06,5.698408481632441e-06,2.8701788974411585e-06,2.8701788974411585e-06
39,-232.7,2.549436185561045e-11,1.4393667703706117e-11,4.994005222861539e-11,,1.8492139677304192e-13,2.3057306459963436e-11,1.567649635729332e-11,6.659726807088446e-11,,5.968299499928508e-12,1.717895242181559e-11,1.2310357627324492e-11,4.9903264635952495e-11,,9.600100247325718e-12,1.2742801588721894e-11,9.100947763533743e-12,3.270019773455928e-11,8.450927918004465e-12,8.450927918004465e-12,2.3663324257695213e-06,3.5770468619867166e-06,6.256798295320055e-06,,3.9480532853564926e-07,2.981636030635609e-06,3.851066400793873e-06,7.933045260495472e-06,,2.3971671868223367e-06,2.8104631063753053e-06,3.4693544911458027e-06,6.937848742993959e-06,,3.0419810466039314e-06,2.504913186951982e-06,2.9897246488961727e-06,5.625797013228499e-06,2.8761840173004083e-06,2.8761840173004083e-06
40,-244.2,2.5677144166769313e-11,1.502377618985038e-11,5.2383776084520513e-11,,1.9203463282349194e-13,2.3374860575002286e-11,1.6330804625992596e-11,6.932653611261067e-11,,6.455129175033489e-12,1.751907234843384e-11,1.2723496051877358e-11,5.1591566523459614e-11,,1.0066808256250282e-11,1.3023725150165943e-11,9.392707939482282e-12,3.362701242888126e-11,8.928308515135364e-12,8.928308515135364e-12,2.397732715338241e-06,3.6528978280598085e-06,6.41299676692811e-06,,4.0254145743322913e-07,3.0138198988036024e-06,3.93171195991777e-06,8.096869487526746e-06,,2.492624925155812e-06,2.8422780509430307e-06,3.5278365609460307e-06,7.0537668094887764e-06,,3.1144269966739107e-06,2.532085553170505e-06,3.0377982690639564e-06,5.704047465138617e-06,2.9574267257191065e-06,2.9574267257191065e-06
41,-256.7,2.469614449462215e-11,1.498049378139616e-11,5.250536774425801e-11,,1.906923924264113e-13,2.2633434671954754e-11,1.6254720368110442e-11,6.892621214104502e-11,,6.679259851505702e-12,1.7064703997851332e-11,1.2564106932292385e-11,5.0922368607043974e-11,,1.0081027011879854e-11,1.2720914547498765e-11,9.26038306567086e-12,3.302125257626384e-11,9.019809196554862e-12,9.019809196554862e-12,2.3733817051142724e-06,3.6454647659855902e-06,6.425373194493336e-06,,4.0134901926750663e-07,2.9758629797379802e-06,3.923540101298925e-06,8.075752750813096e-06,,2.535069545751739e-06,2.8078740576947915e-06,3.506510671670007e-06,7.007301923784156e-06,,3.11596814391093e-06,2.500628362273041e-06,3.0169324548816678e-06,5.65191912460182e-06,2.973794582847907e-06,2.973794582847907e-06
42,-270.2,2.2905632295228047e-11,1.4422590158530896e-11,5.08238183517829e-11,,1.8304100654999989e-13,2.1139996329141336e-11,1.56248722035543e-11,6.615054727288956e-11,,6.679845779289824e-12,1.6043043721757722e-11,1.1981333438922859e-11,4.849862484321681e-11,,9.743299260761151e-12,1.2002817827569987e-11,8.816555601228567e-12,3.12907063463316e-11,8.807019993517381e-12,8.807019993517381e-12,2.307696776602279e-06,3.5741927066924444e-06,6.326370398951123e-06,,3.9342635531552587e-07,2.88610791108447e-06,3.847613072751234e-06,7.912846299059172e-06,,2.534658069955043e-06,2.7248436538919846e-06,3.4251062530672787e-06,6.83769643352526e-06,,3.062652770172316e-06,2.4262443408279583e-06,2.9443568541108365e-06,5.501558151429103e-06,2.9398430196581273e-06,2.9398430196581273e-06
43,-284.7,2.265290327052065e-11,1.4809719566754436e-11,5.247786235750479e-11,,1.876425045258865e-13,2.1048102042020353e-11,1.602306031323308e-11,6.769509766028893e-11,,7.130167631534163e-12,1.6075658179540433e-11,1.218821191230912e-11,4.9233305720081166e-11,,1.0039339536165635e-11,1.2071621920797858e-11,8.955196730189436e-12,3.159554642064033e-11,9.181605075790508e-12,9.181605075790508e-12,2.3162894942335752e-06,3.6183764189703946e-06,6.433001563840362e-06,,3.985508699221732e-07,2.8897174083834057e-06,3.897011805509619e-06,8.004872367977113e-06,,2.6180929021182266e-06,2.7298203244765006e-06,3.4554570019403162e-06,6.887884482147119e-06,,3.1081249979700076e-06,2.4301345090586316e-06,2.967959024478258e-06,5.527924896988206e-06,3.0031399848936916e-06,3.0031399848936916e-06
44,-300.2,2.1795479847068493e-11,1.4813168018394447e-11,5.278688852342505e-11,,1.8760107717158243e-13,2.040156297238473e-11,1.600999999485475e-11,6.746639085340756e-11,,7.414870455431076e-12,1.569176380533167e-11,1.2079975899247796e-11,4.866135903846903e-11,,1.0071503957336967e-11,1.1831399045511477e-11,8.866714329424537e-12,3.1047177022475005e-11,9.33538141554919e-12,9.33538141554919e-12,2.2936843779718294e-06,3.614612941287263e-06,6.455934968776421e-06,,3.9871038278167267e-07,2.8554022479985273e-06,3.895924384563966e-06,7.990025247567317e-06,,2.6691599011139834e-06,2.6988638510348054e-06,3.4409385127183423e-06,6.8454262629078985e-06,,3.1123860831923185e-06,2.4021586631517944e-06,2.953664328419543e-06,5.478734886406878e-06,3.029637851926205e-06,3.029637851926205e-06
45,-316.7,2.0414670591104818e-11,1.4411304464751069e-11,5.164887527524155e-11,,1.8264050657886865e-13,1.9246780812968035e-11,1.556374979440682e-11,6.538899374851058e-11,,7.498308429679023e-12,1.4912856183436317e-11,1.1648127647279358e-11,4.6775386475555884e-11,,9.823262001135766e-12,1.1289442268084677e-11,8.549324386151769e-12,2.9654825237202774e-11,9.245121807893814e-12,9.245121807893814e-12,2.2390475472045126e-06,3.5604017119441273e-06,6.38920094944735e-06,,3.9359669050950036e-07,2.7813466229759097e-06,3.841565270757269e-06,7.863042299008316e-06,,2.683371554959176e-06,2.6302109458397726e-06,3.3796107365271647e-06,6.707709314523333e-06,,3.0731011562100208e-06,2.340670261946826e-06,2.9005454801259883e-06,5.351972740435217e-06,3.016352081222305e-06,3.016352081222305e-06
46,-334.2,1.9555013169008236e-11,1.4375907094752162e-11,5.182166784863764e-11,,1.825519409095023e-13,1.854766076116497e-11,1.551763877528351e-11,6.498116183692756e-11,,7.771831938070245e-12,1.447174497705621e-11,1.1519537596162692e-11,4.614778160468687e-11,,9.821678226767171e-12,1.099974305893173e-11,8.4662794055076e-12,2.9056921287883773e-11,9.403777106687707e-12,9.403777106687707e-12,2.212424657929053e-06,3.5504723726621403e-06,6.4020768699139705e-06,,3.9368561982751653e-07,2.7409243789098536e-06,3.836030144853335e-06,7.83348149351241e-06,,2.7310267841953948e-06,2.593389174967193e-06,3.3614757169491554e-06,6.656356246336802e-06,,3.0722084983617353e-06,2.307586159720413e-06,2.886491379617863e-06,5.2925811093941015e-06,3.0434067393014975e-06,3.0434067393014975e-06
47,-353.2,1.9151014243043016e-11,1.464941592499246e-11,5.312595469216722e-11,,1.8660079289566751e-13,1.8265466125485886e-11,1.5808586312525992e-11,6.597804240282658e-11,,8.222591034173482e-12,1.4342716535018121e-11,1.1641838438370126e-11,4.663648215353942e-11,,1.0030314561017612e-11,1.094851052735565e-11,8.583820647244567e-12,2.917695706162706e-11,9.789991215497423e-12,9.789991215497423e-12,2.2083608355869572e-06,3.5777754540627414e-06,6.482907589726916e-06,,3.9820564797936575e-07,2.729183147251916e-06,3.871850815859114e-06,7.88602768241413e-06,,2.808167787314065e-06,2.583703254270711e-06,3.379638981902785e-06,6.681773391695265e-06,,3.1040962369637155e-06,2.298847518322186e-06,2.90645589099268e-06,5.29410150807871e-06,3.106373449109207e-06,3.106373449109207e-06
48,-374.2,1.8613418184372413e-11,1.481441458063696e-11,5.407222870427052e-11,,1.8947046394839014e-13,1.7843775235032564e-11,1.598552777082447e-11,6.650784351257928e-11,,8.62429203227629e-12,1.4121615508446862e-11,1.1681428015673131e-11,4.70395739937388e-11,,1.0165772179957804e-11,1.083157114099116e-11,8.660898922243363e-12,2.9343144340732145e-11,1.013626362132003e-11,1.013626362132003e-11,2.1958931129687694e-06,3.5908323311360547e-06,6.5391529717278814e-06,,4.014281278630923e-07,2.707599077414408e-06,3.89337450829935e-06,7.907763666006388e-06,,2.874915491011975e-06,2.564953751719533e-06,3.385505440939621e-06,6.694973359195581e-06,,3.124535837906659e-06,2.2823163988675486e-06,2.9195243452939427e-06,5.291082171912105e-06,3.161654854885161e-06,3.161654854885161e-06
49,-396.7,1.8755525167913138e-11,1.5576552033818616e-11,5.729986463787954e-11,,2.0029457629311e-13,1.809639131817818e-11,1.6809037794875013e-11,6.977449075885097e-11,,9.411859771653204e-12,1.4461620320130577e-11,1.2189273234316934e-11,5.002099566063413e-11,,1.0717438861143085e-11,1.1149097695219852e-11,9.115210368852042e-12,3.151004700116206e-11,1.0953548271876626e-11,1.0953548271876626e-11,2.224810459188862e-06,3.673701763562162e-06,6.726910305120719e-06,,4.12914629959062e-07,2.7370085683697857e-06,3.992205267835625e-06,8.085450673890721e-06,,3.0021199069677987e-06,2.5958413037195424e-06,3.458159779132825e-06,6.869127799889697e-06,,3.207903009040146e-06,2.3101250620089156e-06,2.995336461396121e-06,5.43319550937663e-06,3.2871306671429684e-06,3.2871306671429684e-06
50,-420.7,1.829669258403144e-11,1.588723410512474e-11,5.870371010279046e-11,,2.057090967934593e-13,1.7797918718502363e-11,1.714640612341982e-11,7.087532611553774e-11,,9.96694472722409e-12,1.4379316597562213e-11,1.2343017658740163e-11,5.099414686493377e-11,,1.096988172555132e-11,1.114648976200477e-11,9.341905128170088e-12,3.187592659175547e-11,1.1530773619187934e-11,1.1530773619187934e-11,2.2195912743499726e-06,3.700522612939365e-06,6.805793152799483e-06,,4.1864149119484474e-07,2.7250289140940145e-06,4.031758450934484e-06,8.133679898291674e-06,,3.0880310635032003e-06,2.5887951696715157e-06,3.4794162224855327e-06,6.9186635991518045e-06,,3.2454331708972867e-06,2.304193437696667e-06,3.0328045459173298e-06,5.455381582819493e-06,3.3726132329287096e-06,3.3726132329287096e-06
51,-445.7,1.8221936856740854e-11,1.6442922629999547e-11,6.111169426070832e-11,,2.147564494014992e-13,1.7872327389149392e-11,1.7746646855010083e-11,7.31743696516536e-11,,1.0699022846976857e-11,1.4579976943324272e-11,1.26916162400863e-11,5.3082812785334696e-11,,1.1408510656430333e-11,1.1340144131836762e-11,9.749668304742465e-12,3.311256042158324e-11,1.2356917223871598e-11,1.2356917223871598e-11,2.2310676666921622e-06,3.753945851541542e-06,6.93406865401149e-06,,4.279279570254721e-07,2.7349116241812135e-06,4.10128920621394e-06,8.24250980407146e-06,,3.197982991374769e-06,2.6028013360434973e-06,3.5274067970981223e-06,7.030142622627962e-06,,3.310004548743062e-06,2.31622981562583e-06,3.0988530367296774e-06,5.536898393989476e-06,3.490719659875241e-06,3.490719659875241e-06
52,-470.7,1.8082523690102183e-11,1.700616473290479e-11,6.344886349436635e-11,,2.2461580707298133e-13,1.7894504721470415e-11,1.835071281643697e-11,7.541763971504914e-11,,1.148682799899226e-11,1.4754474299483554e-11,1.3044984329529766e-11,5.48150704035033e-11,,1.188057347228595e-11,1.1522998686594113e-11,1.0205130842084397e-11,3.391941438037922e-11,1.3298826763924416e-11,1.3298826763924416e-11,2.241823394717821e-06,3.8050757751620142e-06,7.056345377849224e-06,,4.378224761967194e-07,2.74377242937616e-06,4.169905229060762e-06,8.343929480051041e-06,,3.3120250158370075e-06,2.616659424922872e-06,3.5750352436676328e-06,7.131181401209256e-06,,3.3785694788511734e-06,2.3281912399715024e-06,3.1708997288613295e-06,5.605633305030113e-06,3.6199839678374878e-06,3.6199839678374878e-06
53,-495.7,1.7139695378464356e-11,1.680542749612463e-11,6.289995344035946e-11,,2.2485593155372184e-13,1.712565312378036e-11,1.812486520028415e-11,7.436502666540528e-11,,1.1761684680643185e-11,1.424669882238866e-11,1.2819713299646277e-11,5.41182720015532e-11,,1.1841587702975336e-11,1.1173623350357933e-11,1.022730696379004e-11,3.3403531184964175e-11,1.369684956888674e-11,1.369684956888674e-11,2.204288173380497e-06,3.7689788839645926e-06,7.014919606795066e-06,,4.382189568996288e-07,2.6928442662400666e-06,4.143431505433188e-06,8.25392613550984e-06,,3.349826444140017e-06,2.5729878199883648e-06,3.542720259831134e-06,7.06344789626003e-06,,3.3742109442690047e-06,2.289328766066087e-06,3.1744478790120043e-06,5.554859472024895e-06,3.671865310920334e-06,3.671865310920334e-06
54,-520.7,1.780604932704466e-11,1.813238039734779e-11,6.764925313288244e-11,,2.4619812218097527e-13,1.7922079822262584e-11,1.9538898458407212e-11,7.976132268957397e-11,,1.3132417643736022e-11,1.5035593625492162e-11,1.3760044120071761e-11,5.717849710105965e-11,,1.2908852985131424e-11,1.1854602069446787e-11,1.120118063171094e-11,3.531444142916956e-11,1.5419501603364215e-11,1.5419501603364215e-11,2.2663039531876746e-06,3.899462076667825e-06,7.280323022009433e-06,,4.586906556910617e-07,2.7636527759937516e-06,4.301088045853622e-06,8.533640944565901e-06,,3.5380129505968067e-06,2.645678153497962e-06,3.668883783803666e-06,7.284622179136842e-06,,3.524612864424006e-06,2.3550916258168423e-06,3.321682394804624e-06,5.7360036202656005e-06,3.893503048426853e-06,3.893503048426853e-06
55,-545.7,1.780802597499801e-11,1.8710500069155896e-11,6.973640406625323e-11,,2.580652302150268e-13,1.802507637299099e-11,2.0136727607412138e-11,8.20508907756559e-11,,1.4001486085010872e-11,1.5254532028994753e-11,1.412764358818724e-11,5.88012182915547e-11,,1.3473474500955166e-11,1.2092770002629497e-11,1.1732602786960714e-11,3.6649971790085065e-11,1.660308182155394e-11,1.660308182155394e-11,2.280625832162238e-06,3.943739647471574e-06,7.3834059718104e-06,,4.697363689789164e-07,2.7768893311163285e-06,4.365229620920157e-06,8.626674166454365e-06,,3.651575108886722e-06,2.664369117239991e-06,3.7160245334073466e-06,7.368447887154747e-06,,3.6028480872562377e-06,2.373526013169714e-06,3.3984447727660927e-06,5.827376243987684e-06,4.037362395326971e-06,4.037362395326971e-06
56,-570.7,1.686705222681445e-11,1.8256139544289332e-11,6.755480600589883e-11,,2.5598197229282987e-13,1.716206079602355e-11,1.9614554557856324e-11,7.947483469516231e-11,,1.4095879066363401e-11,1.4647515354534673e-11,1.371264416780283e-11,5.6336982721426785e-11,,1.3308234739023345e-11,1.167850638924176e-11,1.1600159084028865e-11,3.531557183549902e-11,1.6892796475151053e-11,1.6892796475151053e-11,2.2330637067124196e-06,3.876450577009901e-06,7.277107129061062e-06,,4.679225746577641e-07,2.7152098485140834e-06,4.306828646090004e-06,8.481033093884248e-06,,3.662291499068328e-06,2.6114233264541255e-06,3.6595339011797195e-06,7.2301768561552685e-06,,3.5828928561951585e-06,2.3286223489781835e-06,3.3774604253988146e-06,5.734323360474248e-06,4.069462436578402e-06,4.069462436578402e-06
57,-595.7,1.6668833252115417e-11,1.852365635073009e-11,6.823143798141022e-11,,2.6425405800369623e-13,1.702865472369962e-11,1.9855921630180768e-11,8.042305870265081e-11,,1.474105292048997e-11,1.4653916342798026e-11,1.3830047415727371e-11,5.7105774425975294e-11,,1.3677355953982508e-11,1.17497335709393e-11,1.1882117191960219e-11,3.58972574448329e-11,1.784857631191205e-11,1.784857631191205e-11,2.2309265196928004e-06,3.883191951148065e-06,7.310057457956949e-06,,4.7546871971271636e-07,2.709439812498724e-06,4.33137981269345e-06,8.508069744779868e-06,,3.7436309301113787e-06,2.61226031980977e-06,3.673695388455307e-06,7.2572924133126e-06,,3.6346424149092194e-06,2.331888768622218e-06,3.415927508391991e-06,5.765365898622361e-06,4.179931260835232e-06,4.179931260835232e-06
58,-621.7,1.645263823254618e-11,1.8709848201768556e-11,6.809205675559135e-11,,2.7142932217124324e-13,1.6872731324603585e-11,1.999371807145198e-11,8.039584065289745e-11,,1.5313586711664393e-11,1.4649044709384374e-11,1.3873079663690864e-11,5.6291973280326186e-11,,1.3984786605154445e-11,1.1810035175421764e-11,1.205861631943819e-11,3.555715718508958e-11,1.8718982943099327e-11,1.8718982943099327e-11,2.223583216434725e-06,3.87855567698328e-06,7.309183069164303e-06,,4.818808780713618e-07,2.6981341220557267e-06,4.343905964340015e-06,8.495431936528358e-06,,3.8141523646107013e-06,2.6078488716457726e-06,3.6778755214527573e-06,7.216864228173524e-06,,3.677768651323402e-06,2.3309601980957715e-06,3.438462433793856e-06,5.747930193547974e-06,4.277596522485251e-06,4.277596522485251e-06
59,-649.2,1.5968819444224292e-11,1.8603466919106935e-11,6.680869898092747e-11,,2.739824925761177e-13,1.645015487411874e-11,1.980123824739597e-11,7.925349533057536e-11,,1.561093796923023e-11,1.4411386435285159e-11,1.3687442751868341e-11,5.530147045657034e-11,,1.4051673483556211e-11,1.1684951109029961e-11,1.1978590016201536e-11,3.515965461603667e-11,1.9241453825370145e-11,1.9241453825370145e-11,2.198159084552956e-06,3.841097601986451e-06,7.240441394173477e-06,,4.84093208821709e-07,2.666367412773607e-06,4.319656459025749e-06,8.412253743093616e-06,,3.849588107263166e-06,2.5832008933431587e-06,3.6514486434644623e-06,7.14750058479952e-06,,3.6890598557496522e-06,2.3122678551870086e-06,3.4240915454353784e-06,5.710924486522639e-06,4.334011702860208e-06,4.334011702860208e-06
60,-678.2,1.5572758148579416e-11,1.8647611893438877e-11,6.575665700318455e-11,,2.7821188226184566e-13,1.6116309947624023e-11,1.9740465294396263e-11,7.847173879862176e-11,,1.5998663716296473e-11,1.4243828844365553e-11,1.3593476931774719e-11,5.483533716023568e-11,,1.4197813666567847e-11,1.16091279064628e-11,1.1907987015309605e-11,3.5148646974998114e-11,1.985928166104242e-11,1.985928166104242e-11,2.1770749041641333e-06,3.814576659547454e-06,7.183454125905688e-06,,4.877052848432127e-07,2.6403056970397823e-06,4.30825720352988e-06,8.35116288185432e-06,,3.895650593207215e-06,2.5639481251434756e-06,3.6365146844933553e-06,7.1119034383300265e-06,,3.710835142408102e-06,2.2984240636107243e-06,3.4106699523012846e-06,5.705511239005945e-06,4.400235827860019e-06,4.400235827860019e-06
61,-708.2,1.492851217269825e-11,1.842042773730852e-11,6.362248463718415e-11,,2.7693344825308647e-13,1.5507717304249557e-11,1.936458308051267e-11,7.675194090674346e-11,,1.6055206177164047e-11,1.3837502838252717e-11,1.3298541714035467e-11,5.4615600725084444e-11,,1.4061271881869991e-11,1.1337957376602938e-11,1.1572664479375955e-11,3.520348670140453e-11,2.002682501380771e-11,2.002682501380771e-11,2.133607616932924e-06,3.7569967030907733e-06,7.05035995799136e-06,,4.864086233362864e-07,2.5884467257739036e-06,4.260518830186543e-06,8.223324229068733e-06,,3.901133051162842e-06,2.5196914869984757e-06,3.5935148393260206e-06,7.054227148508921e-06,,3.695519114400644e-06,2.2624327323978097e-06,3.358760116799786e-06,5.677910571391859e-06,4.416298616361627e-06,4.416298616361627e-06
62,-739.2,1.418026816265939e-11,1.8205768148519566e-11,6.070485628185636e-11,,2.7326226977739446e-13,1.477674465203494e-11,1.8974713990153165e-11,7.382453757319352e-11,,1.595786283387782e-11,1.3294356628392496e-11,1.304642737200007e-11,5.248353428003603e-11,,1.3804006114768088e-11,1.0954366261110165e-11,1.1175216272960836e-11,3.4109947224001874e-11,1.9948248438860396e-11,1.9948248438860396e-11,2.079437648513232e-06,3.696616057828382e-06,6.876255249310449e-06,,4.829240585542006e-07,2.524144375889263e-06,4.208289408104592e-06,8.03639132437519e-06,,3.887923142555696e-06,2.4629487335172235e-06,3.554479523279661e-06,6.9015793856612526e-06,,3.6640550944540886e-06,2.215256019202893e-06,3.2968182939783753e-06,5.5757558112294315e-06,4.4055854503122944e-06,4.4055854503122944e-06
63,-772.2,1.3683985243344214e-11,1.8552291321193842e-11,5.919165702890347e-11,,2.739378872758913e-13,1.4275699419200751e-11,1.918179434437957e-11,7.293735771508888e-11,,1.6092004845693014e-11,1.2940372233566488e-11,1.3350888629417196e-11,5.2286531631452026e-11,,1.3775147152790211e-11,1.0723300239785893e-11,1.1171792622366365e-11,3.395612662417781e-11,2.009220247724748e-11,2.009220247724748e-11,2.043132891369133e-06,3.6899523550473694e-06,6.764174288143833e-06,,4.83212590033879e-07,2.4810241163257857e-06,4.218542919663571e-06,7.960996629653356e-06,,3.902986487604554e-06,2.425150186755701e-06,3.588589405410679e-06,6.857720480442676e-06,,3.662445968514692e-06,2.184621169406746e-06,3.2921294924086502e-06,5.538044654784599e-06,4.420050975433418e-06,4.420050975433418e-06
64,-807.2,1.307101086777346e-11,1.9169599837847996e-11,5.651649424888236e-11,,2.714678887555739e-13,1.3652076837830801e-11,1.979754931359329e-11,7.073733442257099e-11,,1.6025595552384413e-11,1.2449914255872992e-11,1.4384550224871685e-11,5.122391446714778e-11,,1.359827686929923e-11,1.0382634082430339e-11,1.1729162824513272e-11,3.316139710650331e-11,1.9913337900034916e-11,1.9913337900034916e-11,1.9945089849793616e-06,3.6941460131872657e-06,6.5857404419179e-06,,4.806504884686408e-07,2.4238858321137303e-06,4.259749086296282e-06,7.807906966293069e-06,,3.893735629063459e-06,2.3732211432412296e-06,3.699627147473294e-06,6.753699837958293e-06,,3.6408971346772576e-06,2.141389204631357e-06,3.3545123816996566e-06,5.447294150224925e-06,4.399546926974933e-06,4.399546926974933e-06
65,-844.2,1.2530490364476641e-11,2.0779738987632838e-11,5.3299773665607105e-11,,2.6919885152412657e-13,1.3105340556239128e-11,2.2089187902211065e-11,6.749576335740754e-11,,1.5952402108953966e-11,1.2022840088319446e-11,1.8047563818125124e-11,4.8889731939690125e-11,,1.3450942311472805e-11,1.0074911161831547e-11,1.456137960344955e-11,3.15374234031034e-11,1.9648294747441415e-11,1.9648294747441415e-11,1.947158012192328e-06,3.7371585461742704e-06,6.374993319191798e-06,,4.781943967919824e-07,2.3688544812050373e-06,4.4080832377147665e-06,7.599358697980547e-06,,3.883715879862408e-06,2.3235680724239403e-06,4.009787964054018e-06,6.5736740553323815e-06,,3.622922878078458e-06,2.0996692429443384e-06,3.6193193248716715e-06,5.294358293446864e-06,4.37008487151943e-06,4.37008487151943e-06
66,-883.2,1.2160076634409444e-11,2.3786882965570416e-11,5.129920467485163e-11,,2.6982526094293434e-13,1.2743962953930523e-11,2.6898705631767123e-11,6.622010189340546e-11,,1.603135445893133e-11,1.1746411718750914e-11,2.3189549638545652e-11,4.800627844617416e-11,,1.347706244314269e-11,9.883642321379116e-12,1.7945437472247218e-11,3.0752654230335664e-11,1.9486198079480242e-11,1.9486198079480242e-11,1.910551107087269e-06,3.7922564553401843e-06,6.172411473057625e-06,,4.782500496872326e-07,2.3271845061300194e-06,4.639114504385539e-06,7.450522869414265e-06,,3.8922784350124436e-06,2.2860713539267982e-06,4.395526686504482e-06,6.455378444374767e-06,,3.6279825210208356e-06,2.0683279669236066e-06,3.9249924279591245e-06,5.19006571611369e-06,4.352680794537241e-06,4.352680794537241e-06
67,-924.7,1.174805304051482e-11,2.4239051740489855e-11,4.917370884052392e-11,,2.690538379115672e-13,1.2328301328746135e-11,2.743485746403017e-11,6.457497128007074e-11,,1.6006943293648466e-11,1.1387998196482373e-11,2.2502304543038232e-11,4.6972915204814485e-11,,1.3474212735168245e-11,9.62742671039244e-12,1.7443684105786956e-11,3.007155460543261e-11,1.9114513578215362e-11,1.9114513578215362e-11,1.8698892845733572e-06,3.7259363180904775e-06,5.937029912946825e-06,,4.770228070591201e-07,2.2802708384847247e-06,4.606727946967698e-06,7.282036161778051e-06,,3.888373303820889e-06,2.2415843853787324e-06,4.335155090382099e-06,6.33207790587799e-06,,3.6288652175004e-06,2.030836855393557e-06,3.867281082140521e-06,5.095513711581647e-06,4.312362734747822e-06,4.312362734747822e-06
68,-969.2,1.0838485740387003e-11,2.2805960512548253e-11,4.596817934116912e-11,,2.5525374077375083e-13,1.1383678202601699e-11,2.553589599741272e-11,6.131147270248042e-11,,1.518657302167232e-11,1.0558584766691594e-11,2.0430056369151205e-11,4.502314551479394e-11,,1.2868486650137538e-11,8.966514490118803e-12,1.6121882218854967e-11,2.9101327690595556e-11,1.7735332862018883e-11,1.7735332862018883e-11,1.785201861848532e-06,3.503357082335185e-06,5.5357226028629096e-06,,4.6407092622422246e-07,2.1801410979215274e-06,4.387302327475116e-06,6.950191825866255e-06,,3.786605912311005e-06,2.1452723484920013e-06,4.073763495297159e-06,6.092182641953597e-06,,3.547337962996404e-06,1.9462743166105006e-06,3.656249215068477e-06,4.923202569923781e-06,4.15589243072839e-06,4.15589243072839e-06
69,-1188.7,9.674831748410795e-12,1.488025842426794e-11,2.983195910905795e-11,,2.5395556842097925e-13,1.0209984999390945e-11,1.5044061751040523e-11,4.32258519380266e-11,,1.4903855328326206e-11,9.598678288058726e-12,1.1781656165281302e-11,3.459735903320296e-11,,1.4096539924786714e-11,8.277064303600497e-12,1.0518643284492569e-11,2.3782387201640777e-11,1.5223582346031616e-11,1.5223582346031616e-11,1.642095519202277e-06,2.701456548423689e-06,4.191494416542259e-06,,4.6044608195004983e-07,2.0149648454420818e-06,3.1485150985513875e-06,5.3467292974192574e-06,,3.748863731016687e-06,1.9927225912734984e-06,2.8478827298362297e-06,4.9494532365455705e-06,,3.715241769237929e-06,1.818809222789041e-06,2.7108696817916804e-06,4.114564318295529e-06,3.863296960529456e-06,3.863296960529456e-06
70,-1577.2,8.000642106662811e-12,4.07929779328115e-12,9.9896793785763e-12,,2.27375734842229e-13,8.444318332964534e-12,5.017561623566253e-12,1.3788620724847727e-11,,1.2666601788255882e-11,8.009818562591203e-12,4.8066860615250426e-12,1.3324415266904303e-11,,1.8149292469893177e-11,6.9954342325280425e-12,4.5418736333381086e-12,9.030663920574398e-12,1.2336497230959264e-11,1.2336497230959264e-11,1.4008809397187983e-06,1.0652096241382054e-06,1.5016191837741072e-06,,4.331190696536068e-07,1.748285049843341e-06,1.2993442307459564e-06,1.9195900559827524e-06,,3.4545316559489305e-06,1.7593102765327175e-06,1.278196783597753e-06,1.937875493307871e-06,,4.206199847131438e-06,1.616418799990845e-06,1.2448273209328907e-06,1.6173132493879918e-06,3.486289037978589e-06,3.486289037978589e-06
71,-2073.2,5.080005508611459e-12,1.3366038257533027e-13,8.204994564878029e-14,,1.5166594499829067e-13,5.540579067858323e-12,1.977284202568257e-13,6.268080591750528e-14,,7.522747707504813e-12,5.437217424581061e-12,1.5973492909070806e-13,3.8028003056951406e-14,,1.8259248546841593e-11,4.749601408001547e-12,1.9872601607980552e-13,2.3002793170302087e-14,1.2320803869387144e-11,1.2320803869387144e-11,1.0429690876269727e-06,2.139653684855895e-08,1.682166675368418e-08,,3.563443014504569e-07,1.3202670048385957e-06,3.1821050031575496e-08,1.500707804722784e-08,,2.659723409537886e-06,1.3695840439298116e-06,2.9194245949971427e-08,1.1771440094609606e-08,,4.181895613094183e-06,1.2713611578116651e-06,3.2078697688322007e-08,9.176118912448832e-09,3.4513066199495064e-06,3.4513066199495064e-06
72,-2634.2,2.5518016546593507e-12,0.0,0.0,,9.101854718653982e-14,2.7789612545067845e-12,0.0,0.0,,2.9562776084467704e-12,2.859625054126734e-12,0.0,0.0,,9.498192766534373e-12,2.5052738720652392e-12,0.0,0.0,7.38602231204097e-12,7.38602231204097e-12,6.845947794839912e-07,0.0,0.0,,2.681104471899562e-07,8.626599137800001e-07,0.0,0.0,,1.6653692645515852e-06,9.202851670701899e-07,0.0,0.0,,3.0024261515294358e-06,8.653024493313081e-07,0.0,0.0,2.6535405755573113e-06,2.6535405755573113e-06
73,-3450.2,1.8029443163143504e-12,0.0,0.0,,8.096159553756424e-14,2.0767758873427178e-12,0.0,0.0,,5.744070142474899e-13,2.0793464868833918e-12,0.0,0.0,,1.9947709847096e-12,1.5365038412091556e-12,0.0,0.0,1.7796403729642727e-12,1.7796403729642727e-12,3.468447762898252e-07,0.0,0.0,,2.043189771739661e-07,4.2762493474112785e-07,0.0,0.0,,7.269489138784701e-07,4.748483532177605e-07,0.0,0.0,,1.3663242673743466e-06,4.48596371229563e-07,0.0,0.0,1.2949951133724807e-06,1.2949951133724807e-06
